{"cameraMode":{"drawMode":0,"name":"Shaded","section":"Shading Mode"},"sceneLighting":true,"audioPlay":false,"sceneViewState":{"m_AlwaysRefresh":false,"showFog":true,"showSkybox":true,"showFlares":true,"showImageEffects":true,"showParticleSystems":true,"showVisualEffectGraphs":true,"m_FxEnabled":false},"in2DMode":false,"pivot":{"x":3.9950904846191408,"y":1.7972841262817383,"z":0.2936820983886719},"rotation":{"x":0.16129140555858613,"y":0.005036249291151762,"z":-0.0008227094076573849,"w":0.9869019985198975},"size":5.771572113037109,"orthographic":true}