{"cameraMode":{"drawMode":0,"name":"Shaded","section":"Shading Mode"},"sceneLighting":true,"audioPlay":false,"sceneViewState":{"m_AlwaysRefresh":false,"showFog":true,"showSkybox":true,"showFlares":true,"showImageEffects":true,"showParticleSystems":true,"showVisualEffectGraphs":true,"m_FxEnabled":false},"in2DMode":false,"pivot":{"x":2.998140573501587,"y":0.8014538288116455,"z":0.4179421663284302},"rotation":{"x":0.6342247724533081,"y":-0.0018531304085627199,"z":0.0015205126255750657,"w":0.7731567025184631},"size":1.2976059913635255,"orthographic":true}